Q,link,category,cat_link
Валидационные расчеты задач гемодинамики с использованием ПК FlowVision в режиме распараллеливания,https://flowvision.ru/ru/flowvision-applications/shipbuilding-articles/validatsionnie-raschety-zadach-gemodynamiki,['Медицина'],['/ru/component/tags/tag/meditsina']
Исследование возможности создания облаков  при помощи аэрозоля и энергии солнечного излучения,https://flowvision.ru/ru/flowvision-applications/shipbuilding-articles/issledovanie-vozmoznosti-stimulirovania-oblacnoj-konvekcii,['Метеорология'],['/ru/component/tags/tag/meteorologiya']
Сборник трудов Инженерные системы 2018,https://flowvision.ru/ru/flowvision-applications/shipbuilding-articles/is2018-sbornik,"['Сетка', 'судостроение', 'Турбулентность', 'ЭМГД']","['/ru/component/tags/tag/setka', '/ru/component/tags/tag/sudostroenie', '/ru/component/tags/tag/turbulentnost', '/ru/component/tags/tag/emgd']"
Моделирование конвективных атмосферных течений большого масштаба в ПК FlowVision,https://flowvision.ru/ru/flowvision-applications/shipbuilding-articles/modelirovanie-konvektivnykh-atmosfernykh-techenij-bolshogo-masshtaba-v-pk-flowvision,"['Наука', 'Метеорология']","['/ru/component/tags/tag/nauka', '/ru/component/tags/tag/meteorologiya']"
Российское решение для FSI: FlowVision и APM WinMachine,https://flowvision.ru/ru/flowvision-applications/shipbuilding-articles/fsi-flowvision-apm,[],[]
Стремление к развитию,https://flowvision.ru/ru/flowvision-applications/shipbuilding-articles/stremlenie-k-razvitiyu,['Междисциплинарные задачи'],['/ru/component/tags/tag/mezhdistsiplinarnye-zadachi']
Оценка эффективности проведения процедуры TAVR,https://flowvision.ru/ru/flowvision-applications/shipbuilding-articles/tavr-simulation,"['Медицина', 'Биомеханика']","['/ru/component/tags/tag/meditsina', '/ru/component/tags/tag/biomekhanika']"
FlowVision в биомеханике,https://flowvision.ru/ru/flowvision-applications/shipbuilding-articles/fv-bioengineering,"['Медицина', 'Биомеханика']","['/ru/component/tags/tag/meditsina', '/ru/component/tags/tag/biomekhanika']"
Сборник трудов Инженерные системы 2017,https://flowvision.ru/ru/flowvision-applications/shipbuilding-articles/is2017-sbornik,['Междисциплинарные задачи'],['/ru/component/tags/tag/mezhdistsiplinarnye-zadachi']
Математическое моделирование склоновых потоков с учетом неньютоновских свойств движущейся среды,https://flowvision.ru/ru/flowvision-applications/shipbuilding-articles/slope-flows-ru,"['Наука', 'Экология', 'Строительство']","['/ru/component/tags/tag/nauka', '/ru/component/tags/tag/ekologiya', '/ru/component/tags/tag/stroitelstvo']"
Исследование масштабируемости FlowVision на кластере с интерконнектом Ангара,https://flowvision.ru/ru/flowvision-applications/shipbuilding-articles/angara-flowvision-2017,"['Наука', 'Междисциплинарные задачи', 'параллельные вычисления']","['/ru/component/tags/tag/nauka', '/ru/component/tags/tag/mezhdistsiplinarnye-zadachi', '/ru/component/tags/tag/parallelnye-vychisleniya']"
Моделирование тепловых режимов радиоэлектронной аппаратуры,https://flowvision.ru/ru/flowvision-applications/shipbuilding-articles/radio-electro-flow,"['Междисциплинарные задачи', 'Электротехника']","['/ru/component/tags/tag/mezhdistsiplinarnye-zadachi', '/ru/component/tags/tag/elektrotekhnika']"
Численное моделирование внешнего обтекания спортсмена,https://flowvision.ru/ru/flowvision-applications/shipbuilding-articles/chislennoe-modelirovanie-vneshnego-obtekaniya-sportsmena,"['спорт', 'другое']","['/ru/component/tags/tag/sport', '/ru/component/tags/tag/drugoe']"
Расчет гидродинамических воздействий на возвращаемый аппарат при посадке на воду,https://flowvision.ru/ru/flowvision-applications/shipbuilding-articles/raschet-gidrodinamicheskikh-vozdejstvij-na-vozvrashchaemyj-apparat-pri-posadke-na-vodu,"['судостроение', 'Ракетостроение и ОПК']","['/ru/component/tags/tag/sudostroenie', '/ru/component/tags/tag/raketostroenie-i-opk']"
Верификация расчетных характеристик сверхзвуковых турбулентных струй,https://flowvision.ru/ru/flowvision-applications/shipbuilding-articles/verifikatsiya-raschetnykh-kharakteristik-sverkhzvukovykh-turbulentnykh-struj,"['Авиация', 'Наука']","['/ru/component/tags/tag/aviatsiya', '/ru/component/tags/tag/nauka']"
Потоки углового момента во вращающемся слое с локализованным нагревом,https://flowvision.ru/ru/flowvision-applications/shipbuilding-articles/potoki-uglovogo-momenta-vo-vrashchayushchemsya-sloe-s-lokalizovannym-nagrevom,"['Наука', 'Метеорология']","['/ru/component/tags/tag/nauka', '/ru/component/tags/tag/meteorologiya']"
Опыт использования программного комплекса FlowVision в преподавании курса гидромеханики в Волжской государственной академии водного транспорта,https://flowvision.ru/ru/flowvision-applications/shipbuilding-articles/opyt-ispolzovaniya-programmnogo-kompleksa-flowvision-v-prepodavanii-kursa-gidromekhaniki-v-volzhskoj-gosudarstvennoj-akademii-vodnogo-transporta,['судостроение'],['/ru/component/tags/tag/sudostroenie']
Моделирование свободной конвекции у однорядного вертикального пучка горизонтальных труб,https://flowvision.ru/ru/flowvision-applications/shipbuilding-articles/modelirovanie-svobodnoj-konvektsii-u-odnoryadnogo-vertikalnogo-puchka-gorizontalnykh-trub,"['судостроение', 'Энергомашиностроение', 'атомная промышленность']","['/ru/component/tags/tag/sudostroenie', '/ru/component/tags/tag/energomashinostroenie', '/ru/component/tags/tag/atomnaya-promyshlennost']"
Применение программного комплекса FlowVision в исследованиях конвективных потоков,https://flowvision.ru/ru/flowvision-applications/shipbuilding-articles/primenenie-programmnogo-kompleksa-flowvision-v-issledovaniyakh-konvektivnykh-potokov,"['Наука', 'Энергомашиностроение']","['/ru/component/tags/tag/nauka', '/ru/component/tags/tag/energomashinostroenie']"
Газодинамические явления при импульсном неоднородном энерговкладе,https://flowvision.ru/ru/flowvision-applications/shipbuilding-articles/gazodinamicheskie-yavleniya-pri-impulsnom-neodnorodnom-energovklade,"['Наука', 'Энергомашиностроение']","['/ru/component/tags/tag/nauka', '/ru/component/tags/tag/energomashinostroenie']"
Численное моделирование задачи нагрева твердого тела с анизотропией коэффициентов теплопроводности при помощи FlowVision и Mathcad,https://flowvision.ru/ru/flowvision-applications/shipbuilding-articles/chislennoe-modelirovanie-zadachi-nagreva-tverdogo-tela-s-anizotropiej-koeffitsientov-teploprovodnosti-pri-pomoshchi-flowvision-i-mathcad,"['Энергомашиностроение', 'Междисциплинарные задачи', 'Электротехника']","['/ru/component/tags/tag/energomashinostroenie', '/ru/component/tags/tag/mezhdistsiplinarnye-zadachi', '/ru/component/tags/tag/elektrotekhnika']"
Моделирование процесса формирования водяной завесы средствами FlowVision,https://flowvision.ru/ru/flowvision-applications/shipbuilding-articles/modelirovanie-protsessa-formirovaniya-vodyanoj-zavesy-sredstvami-flowvision,"['другое', 'пожарная безопасность']","['/ru/component/tags/tag/drugoe', '/ru/component/tags/tag/pozharnaya-bezopasnost']"
Опыт применения FlowVision для расчета аэродинамического сопротивления автобусов в колонне,https://flowvision.ru/ru/flowvision-applications/shipbuilding-articles/opyt-primeneniya-flowvision-dlya-rascheta-aerodinamicheskogo-soprotivleniya-avtobusov-v-kolonne,['Автомобилестроение'],['/ru/component/tags/tag/avtomobilestroenie']
Исследование динамики автоколебательного низкочастотного гидравлического привода,https://flowvision.ru/ru/flowvision-applications/shipbuilding-articles/issledovanie-dinamiki-avtokolebatelnogo-nizkochastotnogo-gidravlicheskogo-privoda,"['Энергомашиностроение', 'гидравлика', 'нефтехимическое производство']","['/ru/component/tags/tag/energomashinostroenie', '/ru/component/tags/tag/gidravlika', '/ru/component/tags/tag/neftekhimicheskoe-proizvodstvo']"
Моделирование гидродинамики течения охладителя и теплообмена в пористых компактных теплообменных аппаратах с использованием программного комплекса FlowVision,https://flowvision.ru/ru/flowvision-applications/shipbuilding-articles/modelirovanie-gidrodinamiki-techeniya-okhladitelya-i-teploobmena-v-poristykh-kompaktnykh-teploobmennykh-apparatakh-s-ispolzovaniem-programmnogo-kompleksa-flowvision,"['Энергомашиностроение', 'Электротехника']","['/ru/component/tags/tag/energomashinostroenie', '/ru/component/tags/tag/elektrotekhnika']"
Методика оптимизации теплообменника зерносушильного комплекса с помощью программных комплексов FlowVision и IOSO,https://flowvision.ru/ru/flowvision-applications/shipbuilding-articles/metodika-optimizatsii-teploobmennika-zernosushilnogo-kompleksa-s-pomoshchyu-programmnykh-kompleksov-flowvision-i-ioso,"['другое', 'Энергомашиностроение', 'Легкая и пищевая промышленность']","['/ru/component/tags/tag/drugoe', '/ru/component/tags/tag/energomashinostroenie', '/ru/component/tags/tag/legkaya-i-pishchevaya-promyshlennost']"
Задачи оптимизации технических изделий и процессов,https://flowvision.ru/ru/flowvision-applications/shipbuilding-articles/zadachi-optimizatsii-tekhnicheskikh-izdelij-i-protsessov,"['Междисциплинарные задачи', 'оптимизация', 'тяжелая промышленность']","['/ru/component/tags/tag/mezhdistsiplinarnye-zadachi', '/ru/component/tags/tag/optimizatsiya', '/ru/component/tags/tag/tyazhelaya-promyshlennost']"
Оптимизация положения элементов механизированного крыла с использованием программных комплексов FlowVision-HPC и IOSO,https://flowvision.ru/ru/flowvision-applications/shipbuilding-articles/optimizatsiya-polozheniya-elementov-mekhanizirovannogo-kryla-s-ispolzovaniem-programmnykh-kompleksov-flowvision-hpc-i-ioso,"['Авиация', 'оптимизация']","['/ru/component/tags/tag/aviatsiya', '/ru/component/tags/tag/optimizatsiya']"
"Совместное использование программ инженерного анализа для численного моделирования течения жидкости в проточных частях насосов для решения задач сложного взаимодействия ""жидкость-конструкция""",https://flowvision.ru/ru/flowvision-applications/shipbuilding-articles/sovmestnoe-ispolzovanie-programm-inzhenernogo-analiza-dlya-chislennogo-modelirovaniya-techeniya-zhidkosti-v-protochnykh-chastyakh-nasosov-dlya-resheniya-zadach-slozhnogo-vzaimodejstviya-zhidkost-konstruktsiya,"['Междисциплинарные задачи', 'FSI', 'Турбомашиностроение']","['/ru/component/tags/tag/mezhdistsiplinarnye-zadachi', '/ru/component/tags/tag/fsi', '/ru/component/tags/tag/turbomashinostroenie']"
Исследование характеристик статической и динамической аэроупругости крыла самолета с использованием программных комплексов SIMULIA Abaqus и FlowVision,https://flowvision.ru/ru/flowvision-applications/shipbuilding-articles/issledovanie-kharakteristik-staticheskoj-i-dinamicheskoj-aerouprugosti-kryla-samoleta-s-ispolzovaniem-programmnykh-kompleksov-simulia-abaqus-i-flowvision,"['Авиация', 'Междисциплинарные задачи', 'FSI']","['/ru/component/tags/tag/aviatsiya', '/ru/component/tags/tag/mezhdistsiplinarnye-zadachi', '/ru/component/tags/tag/fsi']"
Решение задачи по определению эффективности многокамерного дульного тормоза,https://flowvision.ru/ru/flowvision-applications/shipbuilding-articles/reshenie-zadachi-po-opredeleniyu-effektivnosti-mnogokamernogo-dulnogo-tormoza-2,"['Ракетостроение и ОПК', 'Междисциплинарные задачи', 'оптимизация']","['/ru/component/tags/tag/raketostroenie-i-opk', '/ru/component/tags/tag/mezhdistsiplinarnye-zadachi', '/ru/component/tags/tag/optimizatsiya']"
Оптимизация дульного тормоза артиллерийского орудия с использованием программных комплексов FlowVision и IOSO,https://flowvision.ru/ru/flowvision-applications/shipbuilding-articles/optimizatsiya-dulnogo-tormoza-artillerijskogo-orudiya-s-ispolzovaniem-programmnykh-kompleksov-flowvision-i-ioso,"['Ракетостроение и ОПК', 'Междисциплинарные задачи', 'оптимизация']","['/ru/component/tags/tag/raketostroenie-i-opk', '/ru/component/tags/tag/mezhdistsiplinarnye-zadachi', '/ru/component/tags/tag/optimizatsiya']"
Применение периодических граничных условий к теплогидравлическому расчету ТВС с оребренными твэлами,https://flowvision.ru/ru/flowvision-applications/shipbuilding-articles/primenenie-periodicheskikh-granichnykh-uslovij-k-teplogidravlicheskomu-raschetu-tvs-s-orebrennymi-tvelami-2,"['Энергомашиностроение', 'атомная промышленность']","['/ru/component/tags/tag/energomashinostroenie', '/ru/component/tags/tag/atomnaya-promyshlennost']"
Применение периодических граничных условий к теплогидравлическому расчету ТВС с оребренными твэлами,https://flowvision.ru/ru/flowvision-applications/shipbuilding-articles/primenenie-periodicheskikh-granichnykh-uslovij-k-teplogidravlicheskomu-raschetu-tvs-s-orebrennymi-tvelami,"['Энергомашиностроение', 'атомная промышленность']","['/ru/component/tags/tag/energomashinostroenie', '/ru/component/tags/tag/atomnaya-promyshlennost']"
Разработка модели турбулентного теплопереноса для жидкометаллического натриевого теплоносителя и её верификация,https://flowvision.ru/ru/flowvision-applications/shipbuilding-articles/razrabotka-modeli-turbulentnogo-teploperenosa-dlya-zhidkometallicheskogo-natrievogo-teplonositelya-i-ejo-verifikatsiya,"['Наука', 'Энергомашиностроение', 'атомная промышленность']","['/ru/component/tags/tag/nauka', '/ru/component/tags/tag/energomashinostroenie', '/ru/component/tags/tag/atomnaya-promyshlennost']"
Применение программного комплекса FlowVision при разработке и оптимизации работы прямоточных смесителей,https://flowvision.ru/ru/flowvision-applications/shipbuilding-articles/primenenie-programmnogo-kompleksa-flowvision-pri-razrabotke-i-optimizatsii-raboty-pryamotochnykh-smesitelej,"['другое', 'нефтехимическое производство', 'химическая промышленность']","['/ru/component/tags/tag/drugoe', '/ru/component/tags/tag/neftekhimicheskoe-proizvodstvo', '/ru/component/tags/tag/khimicheskaya-promyshlennost']"
Применение системы инженерного анализа FlowVision для решения прикладных задач гидродинамики судна,https://flowvision.ru/ru/flowvision-applications/shipbuilding-articles/primenenie-sistemy-inzhenernogo-analiza-flowvision-dlya-resheniya-prikladnykh-zadach-gidrodinamiki-sudna,['судостроение'],['/ru/component/tags/tag/sudostroenie']
Применение программного комплекса FlowVision для анализа гидродинамики судна,https://flowvision.ru/ru/flowvision-applications/shipbuilding-articles/primenenie-programmnogo-kompleksa-flowvision-dlya-analiza-gidrodinamiki-sudna,['судостроение'],['/ru/component/tags/tag/sudostroenie']
Технология моделирования работы судовых винто-рулевых комплексов в среде FlowVision,https://flowvision.ru/ru/flowvision-applications/shipbuilding-articles/tekhnologiya-modelirovaniya-raboty-sudovykh-vinto-rulevykh-kompleksov-v-srede-flowvision,"['судостроение', 'Турбомашиностроение']","['/ru/component/tags/tag/sudostroenie', '/ru/component/tags/tag/turbomashinostroenie']"
Моделирование гидродинамики судов и подводных аппаратов с использованием комплекса FlowVision и программы FREE!ship Plus,https://flowvision.ru/ru/flowvision-applications/shipbuilding-articles/modelirovanie-gidrodinamiki-sudov-i-podvodnykh-apparatov-s-ispolzovaniem-kompleksa-flowvision-i-programmy-free-ship-plus,['судостроение'],['/ru/component/tags/tag/sudostroenie']
Численное моделирование течения в погружном центробежном насосе для анализа расходно-напорной характеристики,https://flowvision.ru/ru/flowvision-applications/shipbuilding-articles/chislennoe-modelirovanie-techeniya-v-pogruzhnom-tsentrobezhnom-nasose-dlya-analiza-raskhodno-napornoj-kharakteristiki,"['Энергомашиностроение', 'нефтехимическое производство', 'Турбомашиностроение']","['/ru/component/tags/tag/energomashinostroenie', '/ru/component/tags/tag/neftekhimicheskoe-proizvodstvo', '/ru/component/tags/tag/turbomashinostroenie']"
Использование программного комплекса FlowVision при модернизации узла уплотнения турбины,https://flowvision.ru/ru/flowvision-applications/shipbuilding-articles/ispolzovanie-programmnogo-okmpleksa-flowvision-pri-modernizatsii-uzla-uplotneniya-turbiny,"['Турбомашиностроение', 'Автомобилестроение']","['/ru/component/tags/tag/turbomashinostroenie', '/ru/component/tags/tag/avtomobilestroenie']"
Анализ течения в лопастной системе осевого вентилятора с применением CFD-расчетов,https://flowvision.ru/ru/flowvision-applications/shipbuilding-articles/analiz-techeniya-v-lopastnoj-sisteme-osevogo-ventilyatora-s-primeneniem-cfd-raschetov,"['Энергомашиностроение', 'Турбомашиностроение', 'атомная промышленность']","['/ru/component/tags/tag/energomashinostroenie', '/ru/component/tags/tag/turbomashinostroenie', '/ru/component/tags/tag/atomnaya-promyshlennost']"
Отработка методики расчета аэродинамических характеристик вентиляторов на программном комплексе FlowVision,https://flowvision.ru/ru/flowvision-applications/shipbuilding-articles/otrabotka-metodiki-rascheta-aerodinamicheskikh-kharakteristik-ventilyatorov-na-programmnom-komplekse-flowvision,['Турбомашиностроение'],['/ru/component/tags/tag/turbomashinostroenie']
Акустико-вихревая модель FlowVision,https://flowvision.ru/ru/flowvision-applications/shipbuilding-articles/akustiko-vikhrevaya-model-flowvision,"['Междисциплинарные задачи', 'Турбомашиностроение', 'акустика']","['/ru/component/tags/tag/mezhdistsiplinarnye-zadachi', '/ru/component/tags/tag/turbomashinostroenie', '/ru/component/tags/tag/akustika']"
Определение коэффициента начальной кавитации в центробежном насосе,https://flowvision.ru/ru/flowvision-applications/shipbuilding-articles/opredelenie-koeffitsienta-nachalnoj-kavitatsii-v-tsentrobezhnom-nasose,['Турбомашиностроение'],['/ru/component/tags/tag/turbomashinostroenie']
Применение программного комплекса FlowVision для решения задач оптимизации систем охлаждения дутьевых устройств металлургических агрегатов,https://flowvision.ru/ru/flowvision-applications/shipbuilding-articles/primenenie-programmnogo-okmpleksa-flowvision-dlya-resheniya-zadach-optimizatsii-sistem-okhlazhdeniya-dutevykh-ustrojstv-metallurgicheskikh-agregatov,"['другое', 'Энергомашиностроение', 'тяжелая промышленность', 'металлургия']","['/ru/component/tags/tag/drugoe', '/ru/component/tags/tag/energomashinostroenie', '/ru/component/tags/tag/tyazhelaya-promyshlennost', '/ru/component/tags/tag/metallurgiya']"
Использование пакета FlowVision для моделирования воздухозаборного тракта ГТЭ-110 Ивановский ГРЭС,https://flowvision.ru/ru/flowvision-applications/shipbuilding-articles/ispolzovanie-paketa-flowvision-dlya-modelirovaniya-vozdukhozabornogo-trakta-gte-110-ivanovskij-gres,['Энергомашиностроение'],['/ru/component/tags/tag/energomashinostroenie']
Решение задач сопряженного теплообмена в рамках исследования камер сгорания ГТУ,https://flowvision.ru/ru/flowvision-applications/shipbuilding-articles/reshenie-zadach-sopryazhennogo-teploobmena-v-ramkakh-issledovaniya-kamer-sgoraniya-gtu,"['Энергомашиностроение', 'Междисциплинарные задачи', 'FSI', 'Турбомашиностроение']","['/ru/component/tags/tag/energomashinostroenie', '/ru/component/tags/tag/mezhdistsiplinarnye-zadachi', '/ru/component/tags/tag/fsi', '/ru/component/tags/tag/turbomashinostroenie']"
Постановка задачи оптимизации тепловой работы водоохлаждаемого элемента дуговой сталеплавильной печи,https://flowvision.ru/ru/flowvision-applications/shipbuilding-articles/postanovka-zadachi-optimizatsii-teplovoj-raboty-vodookhlazhdaemogo-elementa-dugovoj-staleplavilnoj-pechi,"['Энергомашиностроение', 'металлургия']","['/ru/component/tags/tag/energomashinostroenie', '/ru/component/tags/tag/metallurgiya']"
Моделирование процесса открытия шиберной задвижки,https://flowvision.ru/ru/flowvision-applications/shipbuilding-articles/modelirovanie-protsessa-otkrytiya-shibernoj-zadvizhki,"['Энергомашиностроение', 'нефтехимическое производство', 'трубопроводы']","['/ru/component/tags/tag/energomashinostroenie', '/ru/component/tags/tag/neftekhimicheskoe-proizvodstvo', '/ru/component/tags/tag/truboprovody']"
Использование FlowVision и IOSO для оптимизации охлаждения трансформатора,https://flowvision.ru/ru/flowvision-applications/shipbuilding-articles/ispolzovanie-flowvision-i-ioso-dlya-optimizatsii-okhlazhdeniya-transformatora,"['Энергомашиностроение', 'Электротехника']","['/ru/component/tags/tag/energomashinostroenie', '/ru/component/tags/tag/elektrotekhnika']"
Проектирование приемников воздушных давлений,https://flowvision.ru/ru/flowvision-applications/shipbuilding-articles/proektirovanie-priemnikov-vozdushnykh-davlenij,['Авиация'],['/ru/component/tags/tag/aviatsiya']
Исследование зависимости координат центра давления газодинамических органов управления вектором тяги ракетного двигателя,https://flowvision.ru/ru/flowvision-applications/shipbuilding-articles/issledovanie-zavisimosti-koordinat-tsentra-davleniya-gazodinamicheskikh-organov-upravleniya-vektorom-tyagi-raketnogo-dvigatelya,['Ракетостроение и ОПК'],['/ru/component/tags/tag/raketostroenie-i-opk']
Применение программного комплекса FlowVision для проектирования авиакосмических конструкций,https://flowvision.ru/ru/flowvision-applications/shipbuilding-articles/primenenie-programmnogo-kompleksa-flowvision-dlya-proektirovaniya-aviakosmicheskikh-konstruktsij,['Ракетостроение и ОПК'],['/ru/component/tags/tag/raketostroenie-i-opk']
"Опыт использования программного окмплекса FlowVision в процессе проектирования ракетно-космической техники в РКК ""Энергия"" им. С.П. Королева",https://flowvision.ru/ru/flowvision-applications/shipbuilding-articles/opyt-ispolzovaniya-programmnogo-okmpleksa-flowvision-v-protsesse-proektirovaniya-raketno-kosmicheskoj-tekhniki-v-rkk-energiya-im-s-p-koroleva,['Ракетостроение и ОПК'],['/ru/component/tags/tag/raketostroenie-i-opk']
Проектирование приемников статического давления,https://flowvision.ru/ru/flowvision-applications/shipbuilding-articles/proektirovanie-priemnikov-staticheskogo-davleniya,['Авиация'],['/ru/component/tags/tag/aviatsiya']
Применение пакета FlowVision для моделирования слива воды на открытый очаг пожара из контейнера на внешней подвеске вертолета,https://flowvision.ru/ru/flowvision-applications/shipbuilding-articles/primenenie-paketa-flowvision-dlya-modelirovaniya-sliva-vody-na-otkrytyj-ochag-pozhara-iz-kontejnera-na-vneshnej-podveske-vertoleta,"['Авиация', 'пожарная безопасность']","['/ru/component/tags/tag/aviatsiya', '/ru/component/tags/tag/pozharnaya-bezopasnost']"
Способы моделирования поведения жидкости в баках космических систем с помощью FlowVision,https://flowvision.ru/ru/flowvision-applications/shipbuilding-articles/sposoby-modelirovaniya-povedeniya-zhidkosti-v-bakakh-kosmicheskikh-sistem-s-pomoshchyu-flowvision,"['Авиация', 'Ракетостроение и ОПК']","['/ru/component/tags/tag/aviatsiya', '/ru/component/tags/tag/raketostroenie-i-opk']"
Исследование течения двухфазного газового потока в камере РДТТ,https://flowvision.ru/ru/flowvision-applications/shipbuilding-articles/issledovanie-techeniya-dvukhfaznogo-gazovogo-potoka-v-kamere-rdtt,['Ракетостроение и ОПК'],['/ru/component/tags/tag/raketostroenie-i-opk']
Верификация программного комплекса FlowVision для использования в авиационной отрасли,https://flowvision.ru/ru/flowvision-applications/shipbuilding-articles/verifikatsiya-programmnogo-kompleksa-flowvision-dlya-ispolzovaniya-v-aviatsionnoj-otrasli,"['Авиация', 'тестирование']","['/ru/component/tags/tag/aviatsiya', '/ru/component/tags/tag/testirovanie']"
Математическое моделирование обтекания возвращаемого аппарата с работающей посадочной двигательной установкой,https://flowvision.ru/ru/flowvision-applications/shipbuilding-articles/matematicheskoe-modelirovanie-obtekaniya-vozvrashchaemogo-apparata-s-rabotayushchej-posadochnoj-dvigatelnoj-ustanovkoj,['Ракетостроение и ОПК'],['/ru/component/tags/tag/raketostroenie-i-opk']
Исследования аэродинамических характеристик возвращаемого аппарата на посадочном режиме и воздействия струй на грунт,https://flowvision.ru/ru/flowvision-applications/shipbuilding-articles/issledovaniya-aerodinamicheskikh-kharakteristik-vozvrashchaemogo-apparata-na-posadochnom-rezhime-i-vozdejstviya-struj-na-grunt,['Ракетостроение и ОПК'],['/ru/component/tags/tag/raketostroenie-i-opk']
Численное моделирование продувки модели воздушно-транспортного модуля проекта МААТ,https://flowvision.ru/ru/flowvision-applications/shipbuilding-articles/chislennoe-modelirovanie-produvki-modeli-vozdushno-transportnogo-modulya-proekta-maat,"['Авиация', 'Ракетостроение и ОПК']","['/ru/component/tags/tag/aviatsiya', '/ru/component/tags/tag/raketostroenie-i-opk']"
Моделирование промывки глаза при хирургии катаракты,https://flowvision.ru/ru/flowvision-applications/shipbuilding-articles/modelirovanie-promyvki-glaza-pri-khirurgii-katarakty,"['Междисциплинарные задачи', 'FSI', 'Медицина']","['/ru/component/tags/tag/mezhdistsiplinarnye-zadachi', '/ru/component/tags/tag/fsi', '/ru/component/tags/tag/meditsina']"
Применение модуля лагранжевых частиц программного комплекса FlowVision при моделировании обтекания технических средств локализации и ликвидации разливов нефти,https://flowvision.ru/ru/flowvision-applications/shipbuilding-articles/primenenie-modulya-lagranzhevykh-chastits-programmnogo-kompleksa-flowvision-pri-modelirovanii-obtekaniya-tekhnicheskikh-sredstv-lokalizatsii-i-likvidatsii-razlivov-nefti,"['нефтехимическое производство', 'Экология']","['/ru/component/tags/tag/neftekhimicheskoe-proizvodstvo', '/ru/component/tags/tag/ekologiya']"
Моделирование рабочих процессов в пиролизной установке для утилизации отходов,https://flowvision.ru/ru/flowvision-applications/shipbuilding-articles/modelirovanie-rabochikh-protsessov-v-piroliznoj-ustanovke-dlya-utilizatsii-otkhodov,"['химическая промышленность', 'Экология']","['/ru/component/tags/tag/khimicheskaya-promyshlennost', '/ru/component/tags/tag/ekologiya']"
"Моделирование распада струй, формируемых форсунками с использованием ПК FlowVision",https://flowvision.ru/ru/flowvision-applications/shipbuilding-articles/modelirovanie-raspada-struj-formiruemykh-forsunkami-s-ispolzovaniem-pk-flowvision,['Автомобилестроение'],['/ru/component/tags/tag/avtomobilestroenie']
Моделирование взрывов в ПК FlowVision,https://flowvision.ru/ru/flowvision-applications/shipbuilding-articles/modelirovanie-vzryvov-v-pk-flowvision,"['другое', 'Ракетостроение и ОПК']","['/ru/component/tags/tag/drugoe', '/ru/component/tags/tag/raketostroenie-i-opk']"
"Расчетные исследования аэродинамических характеристик тематической модели ЛА схемы ""летающее крыло"" с помощью программного комплекса FlowVision",https://flowvision.ru/ru/flowvision-applications/shipbuilding-articles/raschetnye-issledovaniya-aerodinamicheskikh-kharakteristik-tematicheskoj-modeli-la-skhemy-letayushchee-krylo-s-pomoshchyu-programmnogo-kompleksa-flowvision,['Авиация'],['/ru/component/tags/tag/aviatsiya']
Моделирование истечения из суживающегося сопла,https://flowvision.ru/ru/flowvision-applications/shipbuilding-articles/modelirovanie-istecheniya-iz-suzhivayushchegosya-sopla,"['Ракетостроение и ОПК', 'Наука', 'тестирование']","['/ru/component/tags/tag/raketostroenie-i-opk', '/ru/component/tags/tag/nauka', '/ru/component/tags/tag/testirovanie']"
Численное моделирование горения этилена в сверхзвуковом потоке воздуха,https://flowvision.ru/ru/flowvision-applications/shipbuilding-articles/chislennoe-modelirovanie-goreniya-etilena-v-sverkhzvukovom-potoke-vozdukha,['Энергомашиностроение'],['/ru/component/tags/tag/energomashinostroenie']
Разработка воздушного тракта для системы охлаждения вертолета с использованием FlowVision,https://flowvision.ru/ru/flowvision-applications/shipbuilding-articles/razrabotka-vozdushnogo-trakta-dlya-sistemy-okhlazhdeniya-vertoleta-s-ispolzovaniem-flowvision,"['Авиация', 'Турбомашиностроение']","['/ru/component/tags/tag/aviatsiya', '/ru/component/tags/tag/turbomashinostroenie']"
Оптимизация судовых обводов для снижения сопротивления движению,https://flowvision.ru/ru/flowvision-applications/shipbuilding-articles/optimizatsiya-sudovykh-obvodov-dlya-snizheniya-soprotivleniya-dvizheniyu,['судостроение'],['/ru/component/tags/tag/sudostroenie']
Анализ ходовых качеств яхты с помощью программного комплекса FlowVision,https://flowvision.ru/ru/flowvision-applications/shipbuilding-articles/analiz-khodovykh-kachestv-yakhty-s-pomoshchyu-programmnogo-kompleksa-flowvision,['судостроение'],['/ru/component/tags/tag/sudostroenie']
Статистика и обработка расчетных и экспериментальных данных характеристик МЭКС,https://flowvision.ru/ru/flowvision-applications/shipbuilding-articles/statistika-i-obrabotka-raschetnykh-i-eksperimentalnykh-dannykh-kharakteristik-meks,"['Авиация', 'Энергомашиностроение', 'Турбомашиностроение']","['/ru/component/tags/tag/aviatsiya', '/ru/component/tags/tag/energomashinostroenie', '/ru/component/tags/tag/turbomashinostroenie']"
Исследование аэродинамических характеристик винтокольцевых (вентиляторных) БпЛА ВВП с использованиемчисленного моделирования в программном комплексе FlowVision,https://flowvision.ru/ru/flowvision-applications/shipbuilding-articles/issledovanie-aerodinamicheskikh-vintokoltsevykh-ventilyatornykh-bpla-vvp-s-ispolzovaniemchislennogo-modelirovaniya-v-programmnom-komplekse-flowvision,"['Авиация', 'Турбомашиностроение']","['/ru/component/tags/tag/aviatsiya', '/ru/component/tags/tag/turbomashinostroenie']"
Исследование применимости коммерческих CFD-кодов для моделирования процессов тепломассопереноса в жидкометаллическом теплоносителе,https://flowvision.ru/ru/flowvision-applications/shipbuilding-articles/issledovanie-primenimosti-kommercheskikh-cfd-kodov-dlya-modelirovaniya-protsessov-teplomassoperenosa-v-zhidkometallicheskom-teplonositele,"['Наука', 'Энергомашиностроение', 'тестирование', 'атомная промышленность']","['/ru/component/tags/tag/nauka', '/ru/component/tags/tag/energomashinostroenie', '/ru/component/tags/tag/testirovanie', '/ru/component/tags/tag/atomnaya-promyshlennost']"
Исследование влияния геометрического профиля сопла на параметры газа на срезе в программном комплексе FlowVision,https://flowvision.ru/ru/flowvision-applications/shipbuilding-articles/issledovanie-vliyaniya-geometricheskogo-profilya-sopla-na-parametry-gaza-na-sreze-v-programmnom-komplekse-flowvision,"['Авиация', 'Ракетостроение и ОПК']","['/ru/component/tags/tag/aviatsiya', '/ru/component/tags/tag/raketostroenie-i-opk']"
Моделирование отрывных течений в программном комплексе FlowVision-HPC,https://flowvision.ru/ru/flowvision-applications/shipbuilding-articles/modelirovanie-otryvnykh-techenij-v-programmnom-komplekse-flowvision-hpc,"['Авиация', 'Наука']","['/ru/component/tags/tag/aviatsiya', '/ru/component/tags/tag/nauka']"
Методика моделирования течения металлического теплоносителя в первом контуре ядерного реактора,https://flowvision.ru/ru/flowvision-applications/shipbuilding-articles/metodika-modelirovaniya-techeniya-metallicheskogo-teplonositelya-v-pervom-konture-yadernogo-reaktora,"['Энергомашиностроение', 'атомная промышленность']","['/ru/component/tags/tag/energomashinostroenie', '/ru/component/tags/tag/atomnaya-promyshlennost']"
Расчетный анализ буксировочного сопротивления моторной яхты,https://flowvision.ru/ru/flowvision-applications/shipbuilding-articles/raschetnyj-analiz-buksirovochnogo-soprotivleniya-motornoj-yakhty,['судостроение'],['/ru/component/tags/tag/sudostroenie']
"Исследование масштабируемости вычислений в ПК FlowVision на суперкомпьютере ""Ломоносов"" и ""Ломоносов-2""",https://flowvision.ru/ru/flowvision-applications/shipbuilding-articles/issledovanie-masshtabiruemosti-vychislenij-v-pk-flowvision-na-superkompyutere-lomonosov-i-lomonosov-2,"['Наука', 'параллельные вычисления']","['/ru/component/tags/tag/nauka', '/ru/component/tags/tag/parallelnye-vychisleniya']"
Моделирование работы сердца для проектирования индивидуальных искусственных сердечных клапанов,https://flowvision.ru/ru/flowvision-applications/shipbuilding-articles/modelirovanie-raboty-serdtsa-dlya-proektirovaniya-individualnykh-iskusstvennykh-serdechnykh-klapanov,"['Междисциплинарные задачи', 'FSI', 'Медицина']","['/ru/component/tags/tag/mezhdistsiplinarnye-zadachi', '/ru/component/tags/tag/fsi', '/ru/component/tags/tag/meditsina']"
"Разработка конструкции проточной части термокаталитического реактора ОАО ""ГИПРОГАЗООЧИСТКА"" с подогревом технологического газа на основе численного моделирования средствами ПК FlowVision",https://flowvision.ru/ru/flowvision-applications/shipbuilding-articles/razrabotka-konstruktsii-protochnoj-chasti-termokataliticheskogo-reaktora-oao-giprogazoochistka-s-podogrevom-tekhnologicheskogo-gaza-na-osnove-chislennogo-modelirovaniya-sredstvami-pk-flowvision,"['Энергомашиностроение', 'химическая промышленность']","['/ru/component/tags/tag/energomashinostroenie', '/ru/component/tags/tag/khimicheskaya-promyshlennost']"
"Моделирование процессов, протекающих в малоэмиссионных камерах сгорания",https://flowvision.ru/ru/flowvision-applications/shipbuilding-articles/modelirovanie-protsessov-protekayushchikh-v-maloemissionnykh-kamerakh-sgoraniya,"['Энергомашиностроение', 'Турбомашиностроение']","['/ru/component/tags/tag/energomashinostroenie', '/ru/component/tags/tag/turbomashinostroenie']"
Использование URANS подхода для определения пульсаций температуры при перемешивании трех разнотемпературных струй натрия,https://flowvision.ru/ru/flowvision-applications/shipbuilding-articles/ispolzovanie-urans-podkhoda-dlya-opredeleniya-pulsatsij-temperatury-pri-peremeshivanii-trekh-raznotemperaturnykh-struj-natriya,"['Наука', 'Энергомашиностроение', 'тестирование', 'атомная промышленность']","['/ru/component/tags/tag/nauka', '/ru/component/tags/tag/energomashinostroenie', '/ru/component/tags/tag/testirovanie', '/ru/component/tags/tag/atomnaya-promyshlennost']"
Неравновесная инициация объемного горения в двигателе внутреннего сгорания: моделирование и постановка эксперимента,https://flowvision.ru/ru/flowvision-applications/shipbuilding-articles/neravnovesnaya-initsiatsiya-ob-emnogo-goreniya-v-dvigatele-vnutrennego-sgoraniya-modelirovanie-i-postanovka-eksperimenta,['Автомобилестроение'],['/ru/component/tags/tag/avtomobilestroenie']
Доводка поля температур на выходе из малоэмисионной камеры сгорания методами трехмерного моделирования,https://flowvision.ru/ru/flowvision-applications/shipbuilding-articles/dovodka-polya-temperatur-na-vykhode-iz-maloemisionnoj-kamery-sgoraniya-metodami-trekhmernogo-modelirovaniya,"['Энергомашиностроение', 'Турбомашиностроение']","['/ru/component/tags/tag/energomashinostroenie', '/ru/component/tags/tag/turbomashinostroenie']"
Эталонное тестирование ПК FlowVision в задаче моделирования обтекания судна,https://flowvision.ru/ru/flowvision-applications/shipbuilding-articles/etalonnoe-testirovanie-pk-flowvision-v-zadache-modelirovaniya-obtekaniya-sudna,"['судостроение', 'тестирование']","['/ru/component/tags/tag/sudostroenie', '/ru/component/tags/tag/testirovanie']"
Моделирование байпасного ламинарно-турбулентного перехода в рамках k-e подхода,https://flowvision.ru/ru/flowvision-applications/shipbuilding-articles/modelirovanie-bajpasnogo-laminarno-turbulentnogo-perekhoda-v-ramkakh-k-e-podkhoda,"['Авиация', 'Наука', 'тестирование']","['/ru/component/tags/tag/aviatsiya', '/ru/component/tags/tag/nauka', '/ru/component/tags/tag/testirovanie']"
Blood pump analysis for the U.S. Food & Drug Administration,https://flowvision.ru/ru/flowvision-applications/shipbuilding-articles/blood-pump-analysis-for-the-u-s-food-drug-administration,"['Турбомашиностроение', 'Медицина']","['/ru/component/tags/tag/turbomashinostroenie', '/ru/component/tags/tag/meditsina']"
Использование инструментов Intel в разработке программного комплекса FlowVision,https://flowvision.ru/ru/flowvision-applications/shipbuilding-articles/ispolzovanie-instrumentov-intel-v-razrabotke-programmnogo-kompleksa-flowvision,"['Наука', 'параллельные вычисления']","['/ru/component/tags/tag/nauka', '/ru/component/tags/tag/parallelnye-vychisleniya']"
Верификация ПК FlowVision версии 3.08,https://flowvision.ru/ru/flowvision-applications/shipbuilding-articles/verifikatsiya-pk-flowvision-versii-3-08,"['Авиация', 'тестирование', 'Естественная конвекция около вертикальной пластины', 'Адиабатическое сжатие газа поршнем', 'Течение в сопле лаваля', 'Косой скачок уплотнения', 'Дозвуковое течение около профиля naca0012 m=0.3, углы атаки=0…12о', 'Трансзвуковое течение около профиля naca0012 m=0.7, углы атаки = -0.001…4.8о', 'Трансзвуковое течение около профиля rae 2822 m= 0.729, угол атаки = 2.31о', 'Трансзвуковое обтекание крыла onera m6, m= 0.839, угол атаки = 3.06о', 'Трансзвуковое обтекание самолета dlr-f6', 'Трансзвуковое обтекание самолета dlr-f4', 'Ламинарное обтекание пластины', 'Ламинарное течение в сужающемся канале подшипника', 'Ламинарное течение куэтта с учетом тепловыделения за счет трения', 'Ламинарное течение между двумя вращающимися цилиндрами', 'Ламинарное течение в круглой трубе', 'Турбулентное обтекание пластины', 'Турбулентное обтекание обратного уступа', 'Падение шара в вязкой жидкости']",No
Исследование эффективности распараллеливания расчета движения подвижных тел и свободных поверхностей на компьютерах с распределенной памятью,https://flowvision.ru/ru/flowvision-applications/shipbuilding-articles/issledovanie-effektivnosti-rasparallelivaniya-rascheta-dvizheniya-podvizhnykh-tel-i-svobodnykh-poverkhnostej-na-kompyuterakh-s-raspredelennoj-pamyatyu,"['Наука', 'параллельные вычисления']","['/ru/component/tags/tag/nauka', '/ru/component/tags/tag/parallelnye-vychisleniya']"
Численное моделирование отделения крышки люка парашютного контейнера возвращаемого аппарата,https://flowvision.ru/ru/flowvision-applications/shipbuilding-articles/chislennoe-modelirovanie-otdeleniya-kryshki-lyuka-parashyutnogo-kontejnera-vozvrashchaemogo-apparata,['Ракетостроение и ОПК'],['/ru/component/tags/tag/raketostroenie-i-opk']
Моделирование сверхзвукового обтекания тела с круговой каверной,https://flowvision.ru/ru/flowvision-applications/shipbuilding-articles/modelirovanie-sverkhzvukovogo-obtekaniya-tela-s-krugovoj-kavernoj,"['Авиация', 'Ракетостроение и ОПК']","['/ru/component/tags/tag/aviatsiya', '/ru/component/tags/tag/raketostroenie-i-opk']"
Решение задачи по определению эффективности многокамерного дульного тормоза,https://flowvision.ru/ru/flowvision-applications/shipbuilding-articles/reshenie-zadachi-po-opredeleniyu-effektivnosti-mnogokamernogo-dulnogo-tormoza,"['Ракетостроение и ОПК', 'оптимизация']","['/ru/component/tags/tag/raketostroenie-i-opk', '/ru/component/tags/tag/optimizatsiya']"
Возможности визуализации в программном комплексе FlowVision,https://flowvision.ru/ru/flowvision-applications/shipbuilding-articles/vozmozhnosti-vizualizatsii-v-programmnom-komplekse-flowvision,"['Автомобилестроение', 'технологии']","['/ru/component/tags/tag/avtomobilestroenie', '/ru/component/tags/tag/tekhnologii']"
Моделирование течения в ВЭУ NREL с использованием пакета программ FlowVision,https://flowvision.ru/ru/flowvision-applications/shipbuilding-articles/modelirovanie-techeniya-v-veu-nrel-s-ispolzovaniem-paketa-programm-flowvision,"['Энергомашиностроение', 'Турбомашиностроение']","['/ru/component/tags/tag/energomashinostroenie', '/ru/component/tags/tag/turbomashinostroenie']"
Моделирование течения натриевого теплоносителя в верхней камере японского реактора MONJU,https://flowvision.ru/ru/flowvision-applications/shipbuilding-articles/modelirovanie-techeniya-natrievogo-teplonositelya-v-verkhnej-kamere-yaponskogo-reaktora-monju,"['Энергомашиностроение', 'атомная промышленность']","['/ru/component/tags/tag/energomashinostroenie', '/ru/component/tags/tag/atomnaya-promyshlennost']"
Продувка модели воздушно-транспортного модуля проекта MAAT,https://flowvision.ru/ru/flowvision-applications/shipbuilding-articles/produvka-modeli-vozdushno-transportnogo-modulya-proekta-maat,['Авиация'],['/ru/component/tags/tag/aviatsiya']
Тестирование низкорейнольдсовой k-e модели турбулентности,https://flowvision.ru/ru/flowvision-applications/shipbuilding-articles/testirovanie-nizkorejnoldsovoj-k-e-modeli-turbulentnosti,"['Авиация', 'тестирование']","['/ru/component/tags/tag/aviatsiya', '/ru/component/tags/tag/testirovanie']"
Численное моделирование процесса расхолаживания реактора БН,https://flowvision.ru/ru/flowvision-applications/shipbuilding-articles/chislennoe-modelirovanie-protsessa-raskholazhivaniya-reaktora-bn,"['Энергомашиностроение', 'атомная промышленность']","['/ru/component/tags/tag/energomashinostroenie', '/ru/component/tags/tag/atomnaya-promyshlennost']"
"Публикация в журнале ""САПР и графика"" Январь - 2014",https://flowvision.ru/ru/flowvision-applications/shipbuilding-articles/statya-v-sapr-i-grafika-novyj-reliz-programmnogo-kompleksa-vychislitelnoj-gazodinamiki-flowvision,['судостроение'],['/ru/component/tags/tag/sudostroenie']
Численное моделирование ламинарно-турбулентного перехода на корпусе судна в программном комплексте FlowVision,https://flowvision.ru/ru/flowvision-applications/shipbuilding-articles/lam-turb-perehod,"['Авиация', 'Наука']","['/ru/component/tags/tag/aviatsiya', '/ru/component/tags/tag/nauka']"
Программный комплекс FlowVision как современный инструмент проектирования судовых обводов,https://flowvision.ru/ru/flowvision-applications/shipbuilding-articles/shipbuilding-2013,['судостроение'],['/ru/component/tags/tag/sudostroenie']
Численное моделирование ударно-волновых воздействий на возвращаемый аппарат при срабатывании системы аварийного спасения,https://flowvision.ru/ru/flowvision-applications/shipbuilding-articles/rkk-sas-2013,['Ракетостроение и ОПК'],['/ru/component/tags/tag/raketostroenie-i-opk']
Coupled CFD and structural analysis for world outright sailing speed record preparations,https://flowvision.ru/ru/flowvision-applications/shipbuilding-articles/215,"['Авиация', 'судостроение', 'Междисциплинарные задачи', 'FSI']","['/ru/component/tags/tag/aviatsiya', '/ru/component/tags/tag/sudostroenie', '/ru/component/tags/tag/mezhdistsiplinarnye-zadachi', '/ru/component/tags/tag/fsi']"
Программный комплекс для решения оптимизационных задач,https://flowvision.ru/ru/flowvision-applications/shipbuilding-articles/204,"['Авиация', 'оптимизация']","['/ru/component/tags/tag/aviatsiya', '/ru/component/tags/tag/optimizatsiya']"
"Распараллеливание вычислений с поверхностными межпроцессорными границами, масштабируемость...",https://flowvision.ru/ru/flowvision-applications/shipbuilding-articles/164,['параллельные вычисления'],['/ru/component/tags/tag/parallelnye-vychisleniya']
Решение больших задач вычислительной гидродинамики на  СКИФ МГУ с помощью FlowVision,https://flowvision.ru/ru/flowvision-applications/shipbuilding-articles/163,"['Наука', 'параллельные вычисления']","['/ru/component/tags/tag/nauka', '/ru/component/tags/tag/parallelnye-vychisleniya']"
Моделирование сильного взаимодействия  между жидкостью и конструкцией в авиационных приложениях,https://flowvision.ru/ru/flowvision-applications/shipbuilding-articles/155,"['Авиация', 'Междисциплинарные задачи', 'FSI']","['/ru/component/tags/tag/aviatsiya', '/ru/component/tags/tag/mezhdistsiplinarnye-zadachi', '/ru/component/tags/tag/fsi']"
Применение различных моделей турбулентности для задач внешнего обтекания во FlowVision,https://flowvision.ru/ru/flowvision-applications/shipbuilding-articles/151,"['Авиация', 'Наука']","['/ru/component/tags/tag/aviatsiya', '/ru/component/tags/tag/nauka']"
Использование FlowVision при доводке конструкции малотоксичной камеры сгорания,https://flowvision.ru/ru/flowvision-applications/shipbuilding-articles/130,"['Энергомашиностроение', 'Турбомашиностроение']","['/ru/component/tags/tag/energomashinostroenie', '/ru/component/tags/tag/turbomashinostroenie']"
Разработка горелки с низкой эмиссией оксидов азота,https://flowvision.ru/ru/flowvision-applications/shipbuilding-articles/129,"['Энергомашиностроение', 'Турбомашиностроение']","['/ru/component/tags/tag/energomashinostroenie', '/ru/component/tags/tag/turbomashinostroenie']"
Исследование взаимодействия потоков жидкости в центробежно-струйной форсунке,https://flowvision.ru/ru/flowvision-applications/shipbuilding-articles/128,['Энергомашиностроение'],['/ru/component/tags/tag/energomashinostroenie']
Исследование двухступенчатого сжигания метана в вихревой горелке,https://flowvision.ru/ru/flowvision-applications/shipbuilding-articles/127,['Энергомашиностроение'],['/ru/component/tags/tag/energomashinostroenie']
"Обтекание круглого цилиндра, смещённого с аэродинамической оси сильно закрученного циклонного пoтока",https://flowvision.ru/ru/flowvision-applications/shipbuilding-articles/126,"['Наука', 'Энергомашиностроение', 'химическая промышленность']","['/ru/component/tags/tag/nauka', '/ru/component/tags/tag/energomashinostroenie', '/ru/component/tags/tag/khimicheskaya-promyshlennost']"
Исследование работы скруббера по очистке колошникового газа после доменной печи,https://flowvision.ru/ru/flowvision-applications/shipbuilding-articles/125,"['металлургия', 'химическая промышленность', 'Экология']","['/ru/component/tags/tag/metallurgiya', '/ru/component/tags/tag/khimicheskaya-promyshlennost', '/ru/component/tags/tag/ekologiya']"
Моделирование «холодного» течения двухкомпонентной смеси в газовоздушном тракте горелки КМ-1726,https://flowvision.ru/ru/flowvision-applications/shipbuilding-articles/124,['Энергомашиностроение'],['/ru/component/tags/tag/energomashinostroenie']
Численное исследование аэродинамики закрученных потоков в трубах и газоходах,https://flowvision.ru/ru/flowvision-applications/shipbuilding-articles/123,['Энергомашиностроение'],['/ru/component/tags/tag/energomashinostroenie']
Моделирование тепловых и гидродинамических процессов в элементах судовых энергетических установок,https://flowvision.ru/ru/flowvision-applications/shipbuilding-articles/122,"['судостроение', 'Энергомашиностроение']","['/ru/component/tags/tag/sudostroenie', '/ru/component/tags/tag/energomashinostroenie']"
Анализ конструкции шахтного вентилятора,https://flowvision.ru/ru/flowvision-applications/shipbuilding-articles/121,['Турбомашиностроение'],['/ru/component/tags/tag/turbomashinostroenie']
Центробежный компрессор с пространственными лопатками двух типов,https://flowvision.ru/ru/flowvision-applications/shipbuilding-articles/120,['Турбомашиностроение'],['/ru/component/tags/tag/turbomashinostroenie']
Моделирование трехмерного течения жидкости при проектировании проточных частей насосов,https://flowvision.ru/ru/flowvision-applications/shipbuilding-articles/119,['Турбомашиностроение'],['/ru/component/tags/tag/turbomashinostroenie']
"Исследование газодинамических характеристик компрессоров (часть 1),",https://flowvision.ru/ru/flowvision-applications/shipbuilding-articles/118,"['Турбомашиностроение', 'Автомобилестроение']","['/ru/component/tags/tag/turbomashinostroenie', '/ru/component/tags/tag/avtomobilestroenie']"
"Исследование газодинамических характеристик компрессоров (часть 2),",https://flowvision.ru/ru/flowvision-applications/shipbuilding-articles/117,"['Турбомашиностроение', 'Автомобилестроение']","['/ru/component/tags/tag/turbomashinostroenie', '/ru/component/tags/tag/avtomobilestroenie']"
Использование FlowVision при расчете элементов проточной части турбокомпрессоров,https://flowvision.ru/ru/flowvision-applications/shipbuilding-articles/116,"['Турбомашиностроение', 'Автомобилестроение', 'тестирование']","['/ru/component/tags/tag/turbomashinostroenie', '/ru/component/tags/tag/avtomobilestroenie', '/ru/component/tags/tag/testirovanie']"
Моделирование пространственного течения в ступени центробежного компрессора,https://flowvision.ru/ru/flowvision-applications/shipbuilding-articles/115,['Турбомашиностроение'],['/ru/component/tags/tag/turbomashinostroenie']
Отработка гидродинамических элементов корпуса скоростного судна,https://flowvision.ru/ru/flowvision-applications/shipbuilding-articles/114,['судостроение'],['/ru/component/tags/tag/sudostroenie']
Применение FlowVision для решения прикладных задач гидродинамики судна,https://flowvision.ru/ru/flowvision-applications/shipbuilding-articles/113,"['судостроение', 'Турбомашиностроение']","['/ru/component/tags/tag/sudostroenie', '/ru/component/tags/tag/turbomashinostroenie']"
Моделирование буксировочных испытаний перспективного контейнеровоза KRISO,https://flowvision.ru/ru/flowvision-applications/shipbuilding-articles/112,['судостроение'],['/ru/component/tags/tag/sudostroenie']
Моделирование буксировочных испытаний глиссирующего катера проекта MBR-05738,https://flowvision.ru/ru/flowvision-applications/shipbuilding-articles/111,['судостроение'],['/ru/component/tags/tag/sudostroenie']
Винты с подвижным креплением лопастей на ступице,https://flowvision.ru/ru/flowvision-applications/shipbuilding-articles/110,"['судостроение', 'Турбомашиностроение']","['/ru/component/tags/tag/sudostroenie', '/ru/component/tags/tag/turbomashinostroenie']"
Численное моделирование обтекания корпуса судна в условиях мелководья,https://flowvision.ru/ru/flowvision-applications/shipbuilding-articles/109,['судостроение'],['/ru/component/tags/tag/sudostroenie']
Гидродинамический анализ судна в программном комплексе FlowVision,https://flowvision.ru/ru/flowvision-applications/shipbuilding-articles/108,['судостроение'],['/ru/component/tags/tag/sudostroenie']
Комплексное исследование процессов удаления отложений в нефтяных резервуарах,https://flowvision.ru/ru/flowvision-applications/shipbuilding-articles/107,['нефтехимическое производство'],['/ru/component/tags/tag/neftekhimicheskoe-proizvodstvo']
Использование FlowVision и ANSYS для определения НДС нефтяных резервуаров при удалении отложений,https://flowvision.ru/ru/flowvision-applications/shipbuilding-articles/106,"['другое', 'Междисциплинарные задачи', 'нефтехимическое производство', 'FSI']","['/ru/component/tags/tag/drugoe', '/ru/component/tags/tag/mezhdistsiplinarnye-zadachi', '/ru/component/tags/tag/neftekhimicheskoe-proizvodstvo', '/ru/component/tags/tag/fsi']"
Равномерность распределения жидкости в факеле распыла  центробежно-струйной форсунки,https://flowvision.ru/ru/flowvision-applications/shipbuilding-articles/105,"['другое', 'Легкая и пищевая промышленность']","['/ru/component/tags/tag/drugoe', '/ru/component/tags/tag/legkaya-i-pishchevaya-promyshlennost']"
Исследование влияния профиля диафрагмированных труб теплообменников на эффективность теплообмена,https://flowvision.ru/ru/flowvision-applications/shipbuilding-articles/103,['Энергомашиностроение'],['/ru/component/tags/tag/energomashinostroenie']
Сертификация системы моделирования движения жидкости и газа FlowVision,https://flowvision.ru/ru/flowvision-applications/shipbuilding-articles/102,"['тестирование', 'сертификация']","['/ru/component/tags/tag/testirovanie', '/ru/component/tags/tag/sertifikatsiya']"
Применение FlowVision для оптимизации геометрии реакторной установки ВБЭР-300,https://flowvision.ru/ru/flowvision-applications/shipbuilding-articles/101,"['Энергомашиностроение', 'атомная промышленность']","['/ru/component/tags/tag/energomashinostroenie', '/ru/component/tags/tag/atomnaya-promyshlennost']"
Анализ задач взаимодействия «жидкость — конструкция» с использованием  Abaqus  и FlowVision,https://flowvision.ru/ru/flowvision-applications/shipbuilding-articles/100,"['Междисциплинарные задачи', 'FSI', 'Автомобилестроение']","['/ru/component/tags/tag/mezhdistsiplinarnye-zadachi', '/ru/component/tags/tag/fsi', '/ru/component/tags/tag/avtomobilestroenie']"
Анализ акустического шума автомобильной шины,https://flowvision.ru/ru/flowvision-applications/shipbuilding-articles/99,"['Междисциплинарные задачи', 'акустика']","['/ru/component/tags/tag/mezhdistsiplinarnye-zadachi', '/ru/component/tags/tag/akustika']"
Oil Leakage Trough a Valve Stem Seal,https://flowvision.ru/ru/flowvision-applications/shipbuilding-articles/98,"['Междисциплинарные задачи', 'FSI']","['/ru/component/tags/tag/mezhdistsiplinarnye-zadachi', '/ru/component/tags/tag/fsi']"
Проектные расчеты узла поджига для машин термической резки металлов,https://flowvision.ru/ru/flowvision-applications/shipbuilding-articles/97,"['другое', 'металлургия', 'тестирование']","['/ru/component/tags/tag/drugoe', '/ru/component/tags/tag/metallurgiya', '/ru/component/tags/tag/testirovanie']"
Расчет внутренних течений жидкости в каналах с помощью FlowVision,https://flowvision.ru/ru/flowvision-applications/shipbuilding-articles/96,['Турбомашиностроение'],['/ru/component/tags/tag/turbomashinostroenie']
Задачи внешнего обтекания с использованием различных моделей турбулентности во FlowVision,https://flowvision.ru/ru/flowvision-applications/shipbuilding-articles/95,"['Авиация', 'Наука']","['/ru/component/tags/tag/aviatsiya', '/ru/component/tags/tag/nauka']"
Моделирование слива жидкости из сферической емкости через отверстие с тарелью,https://flowvision.ru/ru/flowvision-applications/shipbuilding-articles/94,"['другое', 'Ракетостроение и ОПК']","['/ru/component/tags/tag/drugoe', '/ru/component/tags/tag/raketostroenie-i-opk']"
Моделирование свободных струйных течений в программном комплексе FlowVision HPC,https://flowvision.ru/ru/flowvision-applications/shipbuilding-articles/93,"['Наука', 'тестирование']","['/ru/component/tags/tag/nauka', '/ru/component/tags/tag/testirovanie']"
Численное моделирование процесса насыщения потока крови кислородом,https://flowvision.ru/ru/flowvision-applications/shipbuilding-articles/92,"['химическая промышленность', 'Медицина']","['/ru/component/tags/tag/khimicheskaya-promyshlennost', '/ru/component/tags/tag/meditsina']"
Определение характеристик судового нефтесборного устройства,https://flowvision.ru/ru/flowvision-applications/shipbuilding-articles/91,"['нефтехимическое производство', 'Экология']","['/ru/component/tags/tag/neftekhimicheskoe-proizvodstvo', '/ru/component/tags/tag/ekologiya']"
Методика оценки эффективности нефтесборного бонового ограждения,https://flowvision.ru/ru/flowvision-applications/shipbuilding-articles/90,"['нефтехимическое производство', 'Экология']","['/ru/component/tags/tag/neftekhimicheskoe-proizvodstvo', '/ru/component/tags/tag/ekologiya']"
Обтекание плоских контуров c нефиксированными точками отрыва пограничного слоя,https://flowvision.ru/ru/flowvision-applications/shipbuilding-articles/89,"['судостроение', 'Наука']","['/ru/component/tags/tag/sudostroenie', '/ru/component/tags/tag/nauka']"
FlowVision в учебном процессе и научных исследованиях,https://flowvision.ru/ru/flowvision-applications/shipbuilding-articles/88,"['судостроение', 'Наука']","['/ru/component/tags/tag/sudostroenie', '/ru/component/tags/tag/nauka']"
Моделирование гидродинамических задач на ТАНТК им.Г.М.Бериева,https://flowvision.ru/ru/flowvision-applications/shipbuilding-articles/85,"['Авиация', 'судостроение', 'пожарная безопасность']","['/ru/component/tags/tag/aviatsiya', '/ru/component/tags/tag/sudostroenie', '/ru/component/tags/tag/pozharnaya-bezopasnost']"
Моделирование слива воды из бака противопожарного самолёта-амфибии,https://flowvision.ru/ru/flowvision-applications/shipbuilding-articles/84,"['Авиация', 'пожарная безопасность']","['/ru/component/tags/tag/aviatsiya', '/ru/component/tags/tag/pozharnaya-bezopasnost']"
Моделирование обтекания крыла конечного размаха с аэродинамическим профилем NACA-2406,https://flowvision.ru/ru/flowvision-applications/shipbuilding-articles/83,"['судостроение', 'тестирование']","['/ru/component/tags/tag/sudostroenie', '/ru/component/tags/tag/testirovanie']"
Применение FlowVision для проектирования авиакосмических конструкций,https://flowvision.ru/ru/flowvision-applications/shipbuilding-articles/82,['Ракетостроение и ОПК'],['/ru/component/tags/tag/raketostroenie-i-opk']
"РКК""Энергия"".Особенности использования FlowVision в условиях КБ",https://flowvision.ru/ru/flowvision-applications/shipbuilding-articles/81,['Ракетостроение и ОПК'],['/ru/component/tags/tag/raketostroenie-i-opk']
Опыт использования FlowVision для расчета внешнего обтекания,https://flowvision.ru/ru/flowvision-applications/shipbuilding-articles/80,['Авиация'],['/ru/component/tags/tag/aviatsiya']
Моделирования режимов глиссирования самолета амфибии,https://flowvision.ru/ru/flowvision-applications/shipbuilding-articles/79,"['Авиация', 'судостроение']","['/ru/component/tags/tag/aviatsiya', '/ru/component/tags/tag/sudostroenie']"
"РКК ""Энергия"". FlowVision в космической промышленности",https://flowvision.ru/ru/flowvision-applications/shipbuilding-articles/78,['Ракетостроение и ОПК'],['/ru/component/tags/tag/raketostroenie-i-opk']
Перенос полей между проектами с помощью Вычислителя GLO,https://flowvision.ru/ru/support-menu-header-ru/blog-ru/evaluator-glo,"['FlowVision 3.13.02', 'glo']","['/ru/component/tags/tag/flowvision-3-13-02', '/ru/component/tags/tag/glo']"
Приповерхностная сетка: что нового в 3.13?,https://flowvision.ru/ru/support-menu-header-ru/blog-ru/boundary-layer-grid,"['FlowVision 3.13', 'Приповерхностная сетка']","['/ru/component/tags/tag/flowvision-3-13', '/ru/component/tags/tag/pripoverkhnostnaya-setka']"
"FSI-расчёт и методы его стабилизации на примере шара, заполняемого водой",https://flowvision.ru/ru/support-menu-header-ru/blog-ru/stab-fsi-calc,[],[]
Редактор inp-файла для ко-симуляции (ICS editor),https://flowvision.ru/ru/support-menu-header-ru/blog-ru/inp-editor,"['FSI', 'FV полезное']","['/ru/component/tags/tag/fsi', '/ru/component/tags/tag/fv-poleznoe']"
Полезные привычки CFD расчётчика,https://flowvision.ru/ru/support-menu-header-ru/blog-ru/cfd-routine,['FV полезное'],['/ru/component/tags/tag/fv-poleznoe']
Новинки FlowVision 3.12.05,https://flowvision.ru/ru/support-menu-header-ru/blog-ru/fv-31205,[],[]
Какую модель турбулентности выбрать?,https://flowvision.ru/ru/support-menu-header-ru/blog-ru/fv-turb-models,[],[]
Чек-лист FSI-расчётчика,https://flowvision.ru/ru/support-menu-header-ru/blog-ru/fsi-checklist,['FSI'],['/ru/component/tags/tag/fsi']
Модель Дарси для гидродинамики медленных течений,https://flowvision.ru/ru/support-menu-header-ru/blog-ru/fv-darcy-model,"['FlowVision 3.12.01', 'Физические модели']","['/ru/component/tags/tag/flowvision-3-12-01', '/ru/component/tags/tag/fizicheskie-modeli']"
Горячие клавиши FlowVision,https://flowvision.ru/ru/support-menu-header-ru/blog-ru/fv-hot-keys,[],[]
Возможности дисперсной фазы: частицы,https://flowvision.ru/ru/support-menu-header-ru/blog-ru/particles-in-fv,['Возможности FV'],['/ru/component/tags/tag/vozmozhnosti-fv']
Клиентская часть - WANTED,https://flowvision.ru/ru/support-menu-header-ru/blog-ru/client-part-is-wanted,"['Начало работы в FV', 'клиентская часть повредилась и не открывается, но к счастью есть серверная часть', 'клиентской части вообще нет (удалили, потерялась, не прислали), а серверная часть не открывается в ППП\n    \n    \n        \n\n\n            Подробнее']",No
Маппирование - для FSI,https://flowvision.ru/ru/support-menu-header-ru/blog-ru/fv-mapping,"['FSI', 'Abaqus', 'FV полезное']","['/ru/component/tags/tag/fsi', '/ru/component/tags/tag/abaqus', '/ru/component/tags/tag/fv-poleznoe']"
FV Terminal 3.12.02: очередь для автоматического запуска расчётов,https://flowvision.ru/ru/support-menu-header-ru/blog-ru/fvterminal-queue,"['Функционал FV', 'FlowVision 3.12.02']","['/ru/component/tags/tag/funktsional-fv', '/ru/component/tags/tag/flowvision-3-12-02']"
2D постановка во FlowVision 3.12.02,https://flowvision.ru/ru/support-menu-header-ru/blog-ru/2d-simulation,['FlowVision 3.12.02'],['/ru/component/tags/tag/flowvision-3-12-02']
Ahmed Body в KompasFlow: моделируем вместе. Часть 3,https://flowvision.ru/ru/support-menu-header-ru/blog-ru/ahmed-body-kf-part-3,['Ahmed Body'],['/ru/component/tags/tag/ahmed-body']
5 вопросов о расчётной сетке,https://flowvision.ru/ru/support-menu-header-ru/blog-ru/fvmesh-facts,"['Сетка', 'Функционал FV']","['/ru/component/tags/tag/setka', '/ru/component/tags/tag/funktsional-fv']"
ПостПроцессинг во FlowVision: отладочные слои,https://flowvision.ru/ru/support-menu-header-ru/blog-ru/debug-layers,"['ПостПроцессинг', 'почему важно знать количество плохих маленьких ячеек', 'как отобразить проблемную ячейку из err файла', 'как узнать размер проадаптированной ячейки']","['/ru/component/tags/tag/postprotsessing', '/ru/support-menu-header-ru/blog-ru/debug-layers?start=2#n1', '#n2https://flowvision.ru/ru/support-menu-header-ru/blog-ru/debug-layers?start=1', '/ru/support-menu-header-ru/blog-ru/debug-layers?start=1#n3']"
Checklist по созданию проекта,https://flowvision.ru/ru/support-menu-header-ru/blog-ru/fv-checklist,['Начало работы в FV'],['/ru/component/tags/tag/nachalo-raboty-v-fv']
Редактор формул от А до Я,https://flowvision.ru/ru/support-menu-header-ru/blog-ru/formula-editor,"['Функционал FV', 'Первые шаги в FV', 'Начало работы в FV']","['/ru/component/tags/tag/funktsional-fv', '/ru/component/tags/tag/pervye-shagi-v-fv', '/ru/component/tags/tag/nachalo-raboty-v-fv']"
Fvvis файлы: чем они полезны пользователю?,https://flowvision.ru/ru/support-menu-header-ru/blog-ru/fvvis,['Визуализация'],['/ru/component/tags/tag/vizualizatsiya']
"Лицензия FlowVision. Где, кому, сколько?",https://flowvision.ru/ru/support-menu-header-ru/blog-ru/lisence-options,['Начало работы в FV'],['/ru/component/tags/tag/nachalo-raboty-v-fv']
Верификация LES - метода крупных вихрей,https://flowvision.ru/ru/support-menu-header-ru/blog-ru/les-in-fv,['Турбулентность'],['/ru/component/tags/tag/turbulentnost']
Критерий останова,https://flowvision.ru/ru/support-menu-header-ru/blog-ru/stop-criterion,"['Функционал FV', 'почему удобно останавливать расчёт по критерию останова\xa0\nкакие критерии останова есть во FlowVision\nкак работают эти критерии останова', 'почему удобно останавливать расчёт по критерию останова', 'какие критерии останова есть во FlowVision', 'как работают эти критерии останова']","['/ru/component/tags/tag/funktsional-fv', '#n1', '#n1', '#n2', '#n3']"
Ahmed Body во FlowVision: моделируем вместе. Часть 2.,https://flowvision.ru/ru/support-menu-header-ru/blog-ru/ahmed-body-part2,[],[]
Новые способы задания Начальных условий и Модификаторов,https://flowvision.ru/ru/support-menu-header-ru/blog-ru/new-options-for-ic-and-mods,['Функционал FV'],['/ru/component/tags/tag/funktsional-fv']
FlowVision 3.12.01: Обледенение твёрдой поверхности,https://flowvision.ru/ru/support-menu-header-ru/blog-ru/icing,['Возможности FV'],['/ru/component/tags/tag/vozmozhnosti-fv']
Вся правда об опорных величинах,https://flowvision.ru/ru/support-menu-header-ru/blog-ru/vsya-pravda-ob-opornykh-velichinakh,"['Начало работы в FV', 'Опорные, относительные и абсолютные величины\nЗачем задавать опорные величины\nКак задавать параметры проекта относительно опорных величин\nВизуализация абсолютных величин', 'Опорные, относительные и абсолютные величины', 'Зачем задавать опорные величины', 'Как задавать параметры проекта относительно опорных величин', 'Визуализация абсолютных величин']","['/ru/component/tags/tag/nachalo-raboty-v-fv', '#n1', '#n1', '#n2', '#n3', '#n4']"
Мы начинаем публикацию студенческих работ,https://flowvision.ru/ru/support-menu-header-ru/blog-ru/students-publication,[],[]
Многофазные течения: знакомство с методом VOF,https://flowvision.ru/ru/support-menu-header-ru/blog-ru/vof-1,"['области применения VOF;', 'уравнения переноса сплошных фаз;', 'граничные условия на свободной поверхности;', 'моделирование двухфазного взаимодействия во FlowVision.']","['/ru/support-menu-header-ru/blog-ru/vof-1?start=1#n1', '/ru/support-menu-header-ru/blog-ru/vof-1?start=2#n2', '/ru/support-menu-header-ru/blog-ru/vof-1?start=3#n3', '/ru/support-menu-header-ru/blog-ru/vof-1?start=4#n4']"
FlowVision 3.12.01: Генератор волн,https://flowvision.ru/ru/support-menu-header-ru/blog-ru/wave-generator,"['API ВИП', 'FlowVision 3.12.01']","['/ru/component/tags/tag/api-vip', '/ru/component/tags/tag/flowvision-3-12-01']"
Зацикливаем граничные условия. Оператор Defined в помощь,https://flowvision.ru/ru/support-menu-header-ru/blog-ru/binder-of-bc,[],[]
Экономим сетку в двумерном расчёте,https://flowvision.ru/ru/support-menu-header-ru/blog-ru/2d-adaptation,[],[]
Супергруппа и ее функционал,https://flowvision.ru/ru/support-menu-header-ru/blog-ru/supergroup,"['Функционал FV', 'Зачем нужна супергруппа?', 'Как создавать супергруппу и работать с ней?', 'Разница между супергруппой в пре- и пост- процессоре?']","['/ru/component/tags/tag/funktsional-fv', '#n1', '#n2', '#n4']"
Датчики во FlowVision,https://flowvision.ru/ru/support-menu-header-ru/blog-ru/flowvisionsensors,['Функционал FV'],['/ru/component/tags/tag/funktsional-fv']
Модель зазора FlowVision,https://flowvision.ru/ru/support-menu-header-ru/blog-ru/gap-model,['Функционал FV'],['/ru/component/tags/tag/funktsional-fv']
Немного о турбулентности,https://flowvision.ru/ru/support-menu-header-ru/blog-ru/tyrbulence,"['Турбулентность', 'определение турбулентности\nосновные понятия\nподходы к моделированию турбулентных течений\xa0\nрекомендации по моделированию турбулентности\xa0во FlowVision', 'определение турбулентности\nосновные понятия\nподходы к моделированию турбулентных течений\xa0\nрекомендации по моделированию турбулентности\xa0во FlowVision', 'определение турбулентности', 'основные понятия', 'подходы к моделированию турбулентных течений', 'рекомендации по моделированию турбулентности\xa0во FlowVision']","['/ru/component/tags/tag/turbulentnost', '#definition', '#definition', '#definition', '#concept', '#approaches', '#FV']"
Адаптации расчётной сетки и тонкости их применения,https://flowvision.ru/ru/support-menu-header-ru/blog-ru/adaptation,"['Сетка', 'Функционал FV', 'адаптации в объёме / по поверхности;', 'адаптации по кривизне / острым граням;', 'адаптации по условию / к решению;', 'слитие.']",No
Шаг по времени во FlowVision. Что и как задавать,https://flowvision.ru/ru/support-menu-header-ru/blog-ru/flowvisiontimestep,['Функционал FV'],['/ru/component/tags/tag/funktsional-fv']
Внешний теплообмен в связке FlowVision-Abaqus,https://flowvision.ru/ru/support-menu-header-ru/blog-ru/heatexchange,[],[]
ГУ: Сверхзвуковой вход,https://flowvision.ru/ru/support-menu-header-ru/blog-ru/supersonic-inlet,['Граничное условие'],['/ru/component/tags/tag/granichnoe-uslovie']
Устанавливаем FlowVision на персональный компьютер. Первые шаги,https://flowvision.ru/ru/support-menu-header-ru/blog-ru/installation-step-by-step,['Начало работы в FV'],['/ru/component/tags/tag/nachalo-raboty-v-fv']
Ahmed Body во FlowVision: моделируем вместе. Часть 1.,https://flowvision.ru/ru/support-menu-header-ru/blog-ru/ahmed-body-part1,[],[]
Запуск на продолжение совместного расчета Abaqus - FlowVision,https://flowvision.ru/ru/support-menu-header-ru/blog-ru/continue-fsi-calculation,"['FSI', 'Совместный расчёт', 'Abaqus', 'Нехватка памяти (как оперативной, так и физической)\nПерезапуск машины, на которой проводился расчёт\nНеобходимость остановки расчёта для модификации проекта', 'Нехватка памяти (как оперативной, так и физической)', 'Перезапуск машины, на которой проводился расчёт', 'Необходимость остановки расчёта для модификации проекта']",No
"Что делать, если расчёт разваливается?",https://flowvision.ru/ru/support-menu-header-ru/blog-ru/what-is-the-problem,['Начало работы в FV'],['/ru/component/tags/tag/nachalo-raboty-v-fv']
Скрипт для создания видео из изображений,https://flowvision.ru/ru/support-menu-header-ru/blog-ru/pic-to-vid,['Визуализация'],['/ru/component/tags/tag/vizualizatsiya']
Характеристики во FlowVision: полное руководство,https://flowvision.ru/ru/support-menu-header-ru/blog-ru/characteristics,"['Функционал FV', 'получения результатов расчёта, таких как расход, давление, температура, силы на поверхности или в сечении;\nмониторинга \xa0результатов расчёта, с помощью вывода данных в виде графика в интерфейсе программы;\xa0\nотладки проекта/диагностики проблем, например,\xa0 для нахождения экстремальных значений по всему расчетному пространству.\xa0\n\n\n            Подробнее', 'получения результатов расчёта, таких как расход, давление, температура, силы на поверхности или в сечении;', 'мониторинга \xa0результатов расчёта, с помощью вывода данных в виде графика в интерфейсе программы;', 'отладки проекта/диагностики проблем, например,\xa0 для нахождения экстремальных значений по всему расчетному пространству.\xa0\n\n\n            Подробнее']",No
FSI в 3.11.02: запуск совместных расчётов FlowVision и Abaqus,https://flowvision.ru/ru/support-menu-header-ru/blog-ru/fsi-launch,"['FSI', 'Скрипт', 'Совместный расчёт', 'появилась возможность запуска FSI расчётов через графический интерфейс ПреПостПроцессора с помощью нового функционала ""Внешние связи"";\nдобавлены различные протоколы соединений (коннекторы), позволяющие расширить возможности взаимодействия с прочностными пакетами. Среди новых протоколов особенно интересен Co-Simulation Engine (CSE).', 'появилась возможность запуска FSI расчётов через графический интерфейс ПреПостПроцессора с помощью нового функционала ""Внешние связи"";', 'добавлены различные протоколы соединений (коннекторы), позволяющие расширить возможности взаимодействия с прочностными пакетами. Среди новых протоколов особенно интересен Co-Simulation Engine (CSE).']",No
В помощь админам и не только. Устанавливаем FlowVision скриптом вместе с преднастройками,https://flowvision.ru/ru/support-menu-header-ru/blog-ru/fv-batch-installation,"['Скрипт', 'Установка FV']","['/ru/component/tags/tag/skript', '/ru/component/tags/tag/ustanovka-fv']"
Создание сборки с объединением (симметричная постановка),https://flowvision.ru/ru/support-menu-header-ru/blog-ru/t-connection-assembly,['Геометрия'],['/ru/component/tags/tag/geometriya']
Moving Body Controller  - новый функционал в версии 3.11.02,https://flowvision.ru/ru/support-menu-header-ru/blog-ru/mbc,"['API ВИП', 'FlowVision 3.11.02']","['/ru/component/tags/tag/api-vip', '/ru/component/tags/tag/flowvision-3-11-02']"
Моделирование турбулентности во FlowVision на примере задачи об обтекании куба,https://flowvision.ru/ru/support-menu-header-ru/blog-ru/turbulence-in-fv,"['Физические процессы', 'Турбулентность', 'Возможности FV']","['/ru/component/tags/tag/fizicheskie-protsessy', '/ru/component/tags/tag/turbulentnost', '/ru/component/tags/tag/vozmozhnosti-fv']"
FSI моделирование демпфера. Урок-2. Подбор коэффициентов искусственной сжимаемости,https://flowvision.ru/ru/support-menu-header-ru/blog-ru/artificial-comperessibility-for-fsi,['FSI'],['/ru/component/tags/tag/fsi']
FSI моделирование демпфера. Урок 1. Использование «вывернутой» расчётной сетки,https://flowvision.ru/ru/support-menu-header-ru/blog-ru/reversed-geometry-for-fsi,"['FSI', 'Tutorial', 'Геометрия']","['/ru/component/tags/tag/fsi', '/ru/component/tags/tag/tutorial', '/ru/component/tags/tag/geometriya']"
Запуск совместного расчета через MPM-Агент + Скрипт для версии FlowVision 3.11.01,https://flowvision.ru/ru/support-menu-header-ru/blog-ru/mpm-flowvision-3-11-01,"['Совместный расчёт', 'Более гибкая настройка совместного расчета;', 'Упрощенный запуск на кластере;', 'Включение дополнительных программ в совместный расчет;', 'Взаимодействие с новыми версиями SIMULIA Abaqus.', 'Требуется генерация конфигурационного файла;', 'Сложный запуск, с которым не работает MPM-Агент в текущей версии FV.', 'Необходимость запускать дополнительную программу;', 'Команды, передаваемые Abaqus: отдельный запуск Abaqus CSE Director и отдельный запуск проекта на расчет.']",No
Вывод текста в графическом окне,https://flowvision.ru/ru/support-menu-header-ru/blog-ru/vyvod-teksta-v-graficheskom-okne,[],[]
Вкладка «Геометрия» в ПреПостПроцессоре,https://flowvision.ru/ru/support-menu-header-ru/blog-ru/geom-tab-in-ppp,['Геометрия'],['/ru/component/tags/tag/geometriya']
Получение лицензии и ее регистрация,https://flowvision.ru/ru/support-menu-header-ru/blog-ru/license-registration,"['Начало работы в FV', 'Лицензия устанавливается и привязывается к одному компьютеру и не может быть перенесена\\зарегистрирована на другом компьютере', 'Но пользователи могут работать с самим FlowVision на любом компьютере, даже могут постоянно менять рабочий компьютер. FlowVision будет запрашивать лицензию у компьютера, на котором зарегистрирована лицензия.', 'На одном компьютере можно зарегистрировать множество лицензий для разных пользователей, чтобы никто не блокировал лицензии, например, соседнего отдела.', 'Также можно зарегистрировать одну общую лицензию, например, с большим числом ядер и дать возможность пользователям конкурировать за лицензии :) Это позволяет при необходимости запустить расчет на максимальном числе ядер.']",No
"Диалоговое окно создания проекта. Создаем пустой проект, сохраняем когда хотим и др.",https://flowvision.ru/ru/support-menu-header-ru/blog-ru/new-project-dialog-window,['Начало работы в FV'],['/ru/component/tags/tag/nachalo-raboty-v-fv']
Моделирование течения жидкости в запорной арматуре с помощью KompasFlow,https://flowvision.ru/ru/support-menu-header-ru/blog-ru/kompas-flow,[],[]
Обновленный функционал редактирования расчетной сетки версии FV 3.10.01,https://flowvision.ru/ru/support-menu-header-ru/blog-ru/fv31001-new-adaptation,"['все адаптации и приповерхностная сетка задаются в одном единственном разделе дерева проекта', 'в дереве проекта цветом выделяются активные адаптации и приповерхностная сетка, а неактивные принимают серый цвет', 'появилась возможность группировать объекты и подобласти в рамках одной адаптации с общими для них всех настройками', 'теперь можно задавать количество слоев не только для максимального уровня адаптации, но и для промежуточных уровней', 'появилась «адаптация по условию», который позволяет проводить разбиение ячеек по заданному условию (то есть по значению вычисляемых переменных)']",No
О моделях излучения во FlowVision,https://flowvision.ru/ru/support-menu-header-ru/blog-ru/radiation-how-to,[],[]
Примеры задания и настройки запуска FSI-проектов,https://flowvision.ru/ru/support-menu-header-ru/blog-ru/primery-zadaniya-i-nastrojki-zapuska-fsi-proektov,"['Совместный расчёт', 'Монолитный подход (Уравнения, отвечающие за поток и за деформации решаются одновременно с одного солвера)', 'Совместное моделирование (Уравнения потоков и деформации расчитываются отдельными программами)', 'задания настроек совместного запуска FlowVision-Abaqus, причем все настройки сохраняются в файл MpmConnector.cfg в серверной папке проекта FlowVision (файл либо создается автоматически, либо, если файл уже существует, будут отображены настройки файла выбранного проекта в MP Менеджере)', 'запуска солвера FlowVision', 'запуска Abaqus (с помощью модуль FlowVision MPM-Agent)']",No
Маленькие ячейки и их влияние на расчет,https://flowvision.ru/ru/support-menu-header-ru/blog-ru/small-cells,[],[]
Шаг по времени при решении FSI задач с Abaqus,https://flowvision.ru/ru/support-menu-header-ru/blog-ru/shag-po-vremeni-pri-reshenii-fsi-zadach-s-abaqus,"['Шаг интегрирования по времени в Abaqus', 'Шаг интегрирования по времени во FlowVision', 'Временной шаг обмена между Abaqus и FlowVision']",No
Организация распределенной вычислительной сети из офисных компьютеров (офисный кластер) с ОС Windows с использованием MS MPI v.7 и более поздних версий,https://flowvision.ru/ru/support-menu-header-ru/blog-ru/organizatsiya-raspredelennoj-vychislitelnoj-seti-iz-ofisnykh-kompyuterov-ofisnyj-klaster-s-os-windows-s-ispolzovaniem-ms-mpi-v-7-i-bolee-pozdnikh-versij,"['Тонкости', 'Параллельные вычисления в FV']","['/ru/component/tags/tag/tonkosti', '/ru/component/tags/tag/parallelnye-vychisleniya-v-fv']"
Вращательное движение,https://flowvision.ru/ru/support-menu-header-ru/blog-ru/rotation-in-flowvision,['Функционал FV'],['/ru/component/tags/tag/funktsional-fv']
Запуск ПреПостпроцессора под Linux c использованием Wine,https://flowvision.ru/ru/support-menu-header-ru/blog-ru/zapusk-prepostprotsessora-pod-linux-c-ispolzovaniem-wine,"['Тонкости', 'Linux']","['/ru/component/tags/tag/tonkosti', '/ru/component/tags/tag/linux']"
Клиентская и серверная части проекта - что это такое и как с ними работать?,https://flowvision.ru/ru/support-menu-header-ru/blog-ru/client-and-server-parts,"['Тонкости', 'Начало работы в FV']","['/ru/component/tags/tag/tonkosti', '/ru/component/tags/tag/nachalo-raboty-v-fv']"
Утилита для расчета Спектральной плотности мощности,https://flowvision.ru/ru/support-menu-header-ru/blog-ru/utilita-dlya-rascheta-spektralnoj-plotnosti-moshchnosti,[],[]
Экспорт геометрической модели из SolidWorks для импорта во FlowVision,https://flowvision.ru/ru/support-menu-header-ru/blog-ru/solidworkstoflowvision,"['Геометрия', 'Начало работы в FV']","['/ru/component/tags/tag/geometriya', '/ru/component/tags/tag/nachalo-raboty-v-fv']"
"Параллельные вычисления во FlowVision. Что нужно знать, чтобы быть быстрее",https://flowvision.ru/ru/support-menu-header-ru/blog-ru/parallelnye-vychisleniya-vo-flowvision-chto-nuzhno-znat-chtoby-byt-bystree,"['Параллельные вычисления в FV', 'Почему нельзя бесконечно ускорять расчет имея очень много процессоров', 'Как ускорение зависит от числа расчетных ячеек', 'Как сделать расчет быстрее', 'И даже какое ""железо"" стоит предпочитать для параллельных CFD расчетов']",No
Плавное изменение переменных во FlowVision,https://flowvision.ru/ru/support-menu-header-ru/blog-ru/plavnoe-izmenenie-peremennykh-vo-flowvision,[],[]
Создание анимации во FlowVision,https://flowvision.ru/ru/support-menu-header-ru/blog-ru/sozdanie-animatsii-vo-flowvision,"['Визуализация', 'Получение последовательности изображений средствами FlowVision на основе посчитанных и сохраненных файлов;', 'Создание анимации на основе полученной последовательности изображений с помощью сторонней программы.']",No
Структура проекта FlowVision. Ручная манипуляция с файлами. Восстановление,https://flowvision.ru/ru/support-menu-header-ru/blog-ru/fvdata-structure,['Тонкости'],['/ru/component/tags/tag/tonkosti']
Создание неравномерных начальных сеток. Редактор начальной сетки,https://flowvision.ru/ru/support-menu-header-ru/blog-ru/initial-grid-editor,"['Видеоурок', 'Сетка']","['/ru/component/tags/tag/videourok', '/ru/component/tags/tag/setka']"
Задание периодических процессов в редакторе формул,https://flowvision.ru/ru/support-menu-header-ru/blog-ru/zadanie-periodicheskikh-protsessov-v-redaktore-formul,"['поступательное движение поршня и клапанов в двигателе внутреннего сгорания', 'синусоидальный расход жидкости на входе', 'поступательное движение штока в гидравлической системе']",No
Автоматическая замена геометрической модели в процессе расчета. Теория и практика,https://flowvision.ru/ru/support-menu-header-ru/blog-ru/avtomaticheskaya-zamena-geometricheskoj-modeli-v-protsesse-rascheta-teoriya-i-praktika,['Геометрия'],['/ru/component/tags/tag/geometriya']
Полное давление,https://flowvision.ru/ru/support-menu-header-ru/blog-ru/polnoe-davlenie,['Граничное условие'],['/ru/component/tags/tag/granichnoe-uslovie']
Приближение Буссинеска во FlowVision,https://flowvision.ru/ru/support-menu-header-ru/blog-ru/priblizhenie-bussineska-vo-flowvision,[],[]
Об исследовании сходимости по сетке,https://flowvision.ru/ru/support-menu-header-ru/blog-ru/ob-issledovanii-skhodimosti-po-setke,"['Что такое сеточная сходимость и почему её необходимо достигать', 'Как лучше всего проводить исследование сходимости по сетке', 'Что бывает, когда исследованием по сетке пренебрегают или не доводят до победного конца', 'Что делать если сходимость нельзя достигнуть из-за недостатка вычислительных ресурсов, но результат получить очень хочется']",No
Применение модификатора объемного сопротивления,https://flowvision.ru/ru/support-menu-header-ru/blog-ru/primenenie-modifikator-ob-emnogo-soprotivleniya,[],[]
