tag,link
,https://flowvision.ru
abaqus,https://flowvision.ru/ru/component/tags/tag/abaqus
ahmed body,https://flowvision.ru/ru/component/tags/tag/ahmed-body
api вип,https://flowvision.ru/ru/component/tags/tag/api-vip
flowvision 3.11.02,https://flowvision.ru/ru/component/tags/tag/flowvision-3-11-02
flowvision 3.12.01,https://flowvision.ru/ru/component/tags/tag/flowvision-3-12-01
flowvision 3.12.02,https://flowvision.ru/ru/component/tags/tag/flowvision-3-12-02
flowvision 3.13,https://flowvision.ru/ru/component/tags/tag/flowvision-3-13
flowvision 3.13.02,https://flowvision.ru/ru/component/tags/tag/flowvision-3-13-02
fsi,https://flowvision.ru/ru/component/tags/tag/fsi
fv полезное,https://flowvision.ru/ru/component/tags/tag/fv-poleznoe
glo,https://flowvision.ru/ru/component/tags/tag/glo
linux,https://flowvision.ru/ru/component/tags/tag/linux
tutorial,https://flowvision.ru/ru/component/tags/tag/tutorial
авиация,https://flowvision.ru/ru/component/tags/tag/aviatsiya
автомобилестроение,https://flowvision.ru/ru/component/tags/tag/avtomobilestroenie
акустика,https://flowvision.ru/ru/component/tags/tag/akustika
атомная промышленность,https://flowvision.ru/ru/component/tags/tag/atomnaya-promyshlennost
биомеханика,https://flowvision.ru/ru/component/tags/tag/biomekhanika
видеоурок,https://flowvision.ru/ru/component/tags/tag/videourok
визуализация,https://flowvision.ru/ru/component/tags/tag/vizualizatsiya
возможности fv,https://flowvision.ru/ru/component/tags/tag/vozmozhnosti-fv
геометрия,https://flowvision.ru/ru/component/tags/tag/geometriya
гидравлика,https://flowvision.ru/ru/component/tags/tag/gidravlika
граничное условие,https://flowvision.ru/ru/component/tags/tag/granichnoe-uslovie
граничные условия на свободной поверхности;,https://flowvision.ru/ru/support-menu-header-ru/blog-ru/vof-1?start=3#n3
другое,https://flowvision.ru/ru/component/tags/tag/drugoe
зачем задавать опорные величины,https://flowvision.ru#n4
зачем нужна супергруппа?,https://flowvision.ru#n1
как отобразить проблемную ячейку из err файла,https://flowvision.ru#n2https://flowvision.ru/ru/support-menu-header-ru/blog-ru/debug-layers?start=1
как работают эти критерии останова,https://flowvision.ru#n3
как создавать супергруппу и работать с ней?,https://flowvision.ru#n2
как узнать размер проадаптированной ячейки,https://flowvision.ru/ru/support-menu-header-ru/blog-ru/debug-layers?start=1#n3
какие критерии останова есть во flowvision,https://flowvision.ru#n2
легкая и пищевая промышленность,https://flowvision.ru/ru/component/tags/tag/legkaya-i-pishchevaya-promyshlennost
медицина,https://flowvision.ru/ru/component/tags/tag/meditsina
междисциплинарные задачи,https://flowvision.ru/ru/component/tags/tag/mezhdistsiplinarnye-zadachi
металлургия,https://flowvision.ru/ru/component/tags/tag/metallurgiya
метеорология,https://flowvision.ru/ru/component/tags/tag/meteorologiya
моделирование двухфазного взаимодействия во flowvision.,https://flowvision.ru/ru/support-menu-header-ru/blog-ru/vof-1?start=4#n4
наука,https://flowvision.ru/ru/component/tags/tag/nauka
начало работы в fv,https://flowvision.ru/ru/component/tags/tag/nachalo-raboty-v-fv
нефтехимическое производство,https://flowvision.ru/ru/component/tags/tag/neftekhimicheskoe-proizvodstvo
области применения vof;,https://flowvision.ru/ru/support-menu-header-ru/blog-ru/vof-1?start=1#n1
опорны,https://flowvision.ru#n1
опорны,https://flowvision.ru#n2
определение турбулентности,https://flowvision.ru#definition
определение турбулентности\nосновные понятия\nподходы к моделированию турбулентных течений\xa0\nрекомендации по моделированию турбулентности\xa0во flowvision,https://flowvision.ru#definition
оптимизация,https://flowvision.ru/ru/component/tags/tag/optimizatsiya
основные понятия,https://flowvision.ru#concept
параллельные вычисления,https://flowvision.ru/ru/component/tags/tag/parallelnye-vychisleniya
параллельные вычисления в fv,https://flowvision.ru/ru/component/tags/tag/parallelnye-vychisleniya-v-fv
первые шаги в fv,https://flowvision.ru/ru/component/tags/tag/pervye-shagi-v-fv
подходы к моделированию турбулентных течений,https://flowvision.ru#approaches
пожарная безопасность,https://flowvision.ru/ru/component/tags/tag/pozharnaya-bezopasnost
постпроцессинг,https://flowvision.ru/ru/component/tags/tag/postprotsessing
почему важно знать количество плохих маленьких ячеек,https://flowvision.ru/ru/support-menu-header-ru/blog-ru/debug-layers?start=2#n1
почему удобно останавливать расчёт по критерию останова,https://flowvision.ru#n1
почему удобно останавливать расчёт по критерию останова\xa0\nкакие критерии останова есть во flowvision\nкак работают эти критерии останова,https://flowvision.ru#n1
приповерхностная сетка,https://flowvision.ru/ru/component/tags/tag/pripoverkhnostnaya-setka
разница между супергруппой в пре- и пост- процессоре?,https://flowvision.ru#n4
ракетостроение и опк,https://flowvision.ru/ru/component/tags/tag/raketostroenie-i-opk
рекомендации по моделированию турбулентности\xa0во flowvision,https://flowvision.ru#FV
сертификация,https://flowvision.ru/ru/component/tags/tag/sertifikatsiya
сетка,https://flowvision.ru/ru/component/tags/tag/setka
скрипт,https://flowvision.ru/ru/component/tags/tag/skript
спорт,https://flowvision.ru/ru/component/tags/tag/sport
строительство,https://flowvision.ru/ru/component/tags/tag/stroitelstvo
судостроение,https://flowvision.ru/ru/component/tags/tag/sudostroenie
тестирование,https://flowvision.ru/ru/component/tags/tag/testirovanie
технологии,https://flowvision.ru/ru/component/tags/tag/tekhnologii
тносительные и абсолютные величины,https://flowvision.ru#n3
тносительные и абсолютные величины\nзачем задавать опорные величины\nкак задавать параметры проекта относительно опорных величин\nвизуализация абсолютных величин,https://flowvision.ru#n1
тонкости,https://flowvision.ru/ru/component/tags/tag/tonkosti
трубопроводы,https://flowvision.ru/ru/component/tags/tag/truboprovody
турбомашиностроение,https://flowvision.ru/ru/component/tags/tag/turbomashinostroenie
турбулентность,https://flowvision.ru/ru/component/tags/tag/turbulentnost
тяжелая промышленность,https://flowvision.ru/ru/component/tags/tag/tyazhelaya-promyshlennost
уравнения переноса сплошных фаз;,https://flowvision.ru/ru/support-menu-header-ru/blog-ru/vof-1?start=2#n2
установка fv,https://flowvision.ru/ru/component/tags/tag/ustanovka-fv
физические модели,https://flowvision.ru/ru/component/tags/tag/fizicheskie-modeli
физические процессы,https://flowvision.ru/ru/component/tags/tag/fizicheskie-protsessy
функционал fv,https://flowvision.ru/ru/component/tags/tag/funktsional-fv
химическая промышленность,https://flowvision.ru/ru/component/tags/tag/khimicheskaya-promyshlennost
экология,https://flowvision.ru/ru/component/tags/tag/ekologiya
электротехника,https://flowvision.ru/ru/component/tags/tag/elektrotekhnika
эмгд,https://flowvision.ru/ru/component/tags/tag/emgd
энергомашиностроение,https://flowvision.ru/ru/component/tags/tag/energomashinostroenie
